-- Seed data for KoNomad.
-- Reviews/chat/meetup_attendees are intentionally left empty — those will be
-- populated by real users after sign-up. This seed only fills reference data.

-- ============================================================================
-- cities (12 seed cities from mock-data.ts)
-- ============================================================================
insert into public.cities
  (id, name_ko, name_en, region, image_url, nomad_score, monthly_cost, internet_speed,
   safety_score, rank, budget, area, tags, environment, best_season,
   like_count, dislike_count)
values
  ('11111111-1111-1111-1111-000000000001', '서울', 'Seoul', '수도권',
   'https://images.unsplash.com/photo-1546874177-9e664107314e?w=400&h=300&fit=crop',
   4.5, 1850000, 187, 4.6, 1, '200만원 이상', '수도권',
   array['도심','카페많음','빠른인터넷','외국인친화'],
   array['도심선호','카페작업','코워킹 필수'],
   array['봄','가을'], 245, 18),

  ('11111111-1111-1111-1111-000000000002', '부산', 'Busan', '영남권',
   'https://images.unsplash.com/photo-1538485399081-7191377e8241?w=400&h=300&fit=crop',
   4.3, 1200000, 156, 4.4, 2, '100~200만원', '경상도',
   array['해변','맛집많음','카페많음'],
   array['카페작업','자연친화'],
   array['봄','가을'], 198, 12),

  ('11111111-1111-1111-1111-000000000003', '제주', 'Jeju', '제주권',
   'https://images.unsplash.com/photo-1597668260643-6e7b3b25b4aa?w=400&h=300&fit=crop',
   4.2, 1350000, 142, 4.7, 3, '100~200만원', '제주도',
   array['자연','해변','카페많음','조용한'],
   array['자연친화','카페작업'],
   array['봄','가을'], 176, 21),

  ('11111111-1111-1111-1111-000000000004', '대전', 'Daejeon', '충청권',
   'https://images.unsplash.com/photo-1578637387939-43c525550085?w=400&h=300&fit=crop',
   4.1, 1050000, 198, 4.5, 4, '100~200만원', '충청도',
   array['조용한','빠른인터넷','대중교통'],
   array['도심선호','코워킹 필수'],
   array['봄','가을'], 89, 8),

  ('11111111-1111-1111-1111-000000000005', '강릉', 'Gangneung', '강원권',
   'https://images.unsplash.com/photo-1596786232650-1fb2c064d50f?w=400&h=300&fit=crop',
   4.0, 980000, 165, 4.6, 5, '100만원 이하', '강원도',
   array['해변','카페많음','자연','조용한'],
   array['자연친화','카페작업'],
   array['여름','가을'], 72, 9),

  ('11111111-1111-1111-1111-000000000006', '전주', 'Jeonju', '호남권',
   'https://images.unsplash.com/photo-1590559899731-a382839e5549?w=400&h=300&fit=crop',
   3.9, 850000, 130, 4.5, 6, '100만원 이하', '전라도',
   array['맛집많음','문화생활','조용한'],
   array['자연친화','카페작업'],
   array['봄','가을'], 58, 7),

  ('11111111-1111-1111-1111-000000000007', '수원', 'Suwon', '수도권',
   'https://images.unsplash.com/photo-1601042879364-f3947d3f9c16?w=400&h=300&fit=crop',
   3.8, 1150000, 178, 4.4, 7, '100~200만원', '수도권',
   array['도심','대중교통','빠른인터넷'],
   array['도심선호','코워킹 필수'],
   array['봄','가을'], 48, 6),

  ('11111111-1111-1111-1111-000000000008', '여수', 'Yeosu', '호남권',
   'https://images.unsplash.com/photo-1623348523859-bae8e778a17c?w=400&h=300&fit=crop',
   3.8, 920000, 125, 4.6, 8, '100만원 이하', '전라도',
   array['해변','맛집많음','자연'],
   array['자연친화'],
   array['봄','여름'], 45, 5),

  ('11111111-1111-1111-1111-000000000009', '대구', 'Daegu', '영남권',
   'https://images.unsplash.com/photo-1617469767053-d3b523a0b982?w=400&h=300&fit=crop',
   3.7, 1000000, 155, 4.3, 9, '100만원 이하', '경상도',
   array['도심','맛집많음','대중교통'],
   array['도심선호','카페작업'],
   array['봄','가을'], 52, 10),

  ('11111111-1111-1111-1111-000000000010', '춘천', 'Chuncheon', '강원권',
   'https://images.unsplash.com/photo-1580137189272-c9379f8864fd?w=400&h=300&fit=crop',
   3.6, 820000, 140, 4.5, 10, '100만원 이하', '강원도',
   array['자연','조용한','산'],
   array['자연친화'],
   array['여름','가을'], 38, 4),

  ('11111111-1111-1111-1111-000000000011', '경주', 'Gyeongju', '영남권',
   'https://images.unsplash.com/photo-1596939245839-1a8cd3988e29?w=400&h=300&fit=crop',
   3.6, 780000, 120, 4.7, 11, '100만원 이하', '경상도',
   array['문화생활','조용한','자연'],
   array['자연친화'],
   array['봄','가을'], 32, 3),

  ('11111111-1111-1111-1111-000000000012', '속초', 'Sokcho', '강원권',
   'https://images.unsplash.com/photo-1567789884554-0b844b597180?w=400&h=300&fit=crop',
   3.5, 890000, 135, 4.6, 12, '100만원 이하', '강원도',
   array['해변','산','자연','맛집많음'],
   array['자연친화'],
   array['여름'], 28, 4)
on conflict (id) do nothing;

-- review_count stays 0 — triggers will bump as real reviews arrive.

-- ============================================================================
-- city_weather (current snapshot from mock)
-- ============================================================================
insert into public.city_weather (city_id, current_temp, weather_emoji, aqi) values
  ('11111111-1111-1111-1111-000000000001',  9, '☀️', 72),
  ('11111111-1111-1111-1111-000000000002', 12, '☀️', 45),
  ('11111111-1111-1111-1111-000000000003', 10, '🌧', 32),
  ('11111111-1111-1111-1111-000000000004',  7, '☀️', 58),
  ('11111111-1111-1111-1111-000000000005',  5, '🌤', 28),
  ('11111111-1111-1111-1111-000000000006',  8, '☀️', 42),
  ('11111111-1111-1111-1111-000000000007',  8, '☀️', 65),
  ('11111111-1111-1111-1111-000000000008', 11, '🌤', 35),
  ('11111111-1111-1111-1111-000000000009', 10, '☀️', 68),
  ('11111111-1111-1111-1111-000000000010',  4, '🌤', 25),
  ('11111111-1111-1111-1111-000000000011', 11, '☀️', 38),
  ('11111111-1111-1111-1111-000000000012',  3, '🌤', 22)
on conflict (city_id) do update
  set current_temp = excluded.current_temp,
      weather_emoji = excluded.weather_emoji,
      aqi = excluded.aqi,
      observed_at = now();

-- ============================================================================
-- meetups
-- ============================================================================
insert into public.meetups (id, city_id, title, event_at) values
  ('22222222-2222-2222-2222-000000000001',
   '11111111-1111-1111-1111-000000000001',
   '서울 노마드 밋업', '2026-03-15 19:00:00+09'),
  ('22222222-2222-2222-2222-000000000002',
   '11111111-1111-1111-1111-000000000002',
   '부산 해운대 작업회', '2026-03-22 14:00:00+09')
on conflict (id) do nothing;

-- ============================================================================
-- press quotes
-- ============================================================================
insert into public.press_quotes (quote, source, display_order) values
  ('한국은 빠른 인터넷과 안전한 환경으로 디지털 노마드에게 최적의 환경을 제공한다', '조선일보', 1),
  ('KoNomad는 한국 디지털 노마드의 필수 플랫폼으로 자리잡고 있다', '블로터', 2),
  ('생활비, 인터넷 속도, 안전까지 한눈에 비교할 수 있는 유일한 서비스', '매일경제', 3)
on conflict do nothing;
